<?xml version="1.0" encoding="UTF-8"?>
<project-private xmlns="http://www.netbeans.org/ns/project-private/1">
    <editor-bookmarks xmlns="http://www.netbeans.org/ns/editor-bookmarks/2" lastBookmarkId="0"/>
    <open-files xmlns="http://www.netbeans.org/ns/projectui-open-files/2">
        <group>
            <file>file:/E:/MorseCodenew/src/login.java</file>
            <file>file:/E:/MorseCodenew/src/image.java</file>
            <file>file:/E:/MorseCodenew/src/imageform.java</file>
            <file>file:/E:/MorseCodenew/src/MorseToEnglish.java</file>
            <file>file:/E:/MorseCodenew/src/mainForm.java</file>
            <file>file:/E:/MorseCodenew/src/EnglishToMorse.java</file>
        </group>
    </open-files>
</project-private>
